[
    {
      "name":"DOMINO'S",
      "address":"HMT Layout Ganganagar, RT Nagar Main Rd, Bengaluru-560032",
      "delivery_charge": 5,
      "image":"https://upload.wikimedia.org/wikipedia/commons/thumb/7/74/Dominos_pizza_logo.svg/1200px-Dominos_pizza_logo.svg.png",

      "hours":{
        "Sunday":"11:00 AM - 7:00 PM",
        "Monday":"10:00 AM - 9:00 PM",
        "Tuesday":"10:00 AM - 10:00 PM",
        "Wednesday":"10:00 AM - 11:00 PM",
        "Thursday":"10:00 AM - 10:00 PM",
        "Friday":"10:00 AM - 11:00 PM",
        "Saturday":"10:00 AM - 2:00 PM"
      },
      "menus": [
        {
          "name": "PASTA PIZZA COMBO",
          "price": 350.00,
          "url": "https://i.redd.it/fu1erbgcteu51.jpg"
        },
        {
          "name": "VEG LOADED PIZZA",
          "price": 250.00,
          "url": "https://content3.jdmagicbox.com/comp/jaipur/m6/0141px141.x141.180117113350.b7m6/catalogue/domino-s-pizza-malviya-nagar-jaipur-pizza-delivery-services-6q17o.jpg"
        },
        {
          "name": "CREAMY TOMATO PASTA VEG",
          "price": 200.00,
          "url": "https://www.dominos.co.in/files/items/CreamyTomatoVeg_N_(3).jpg"
        },
        {
          "name": "CHEESE STICKS",
          "price": 95.00,
          "url": "https://www.spendwithpennies.com/wp-content/uploads/2013/10/Cheese-Sticks-SpendWithPennies-2-21-500x500.jpg"
        },
        {
          "name": "CHICKEN FINGER SANDWICH",
          "price": 80.00,
          "url": "https://api.thelevelup.com/v15/order_ahead/menu_image_stores/70461/image?density=3&height=300&width=420"
        },
        {
          "name": "PIZZA BURGER",
          "price": 250.00,
          "url": "https://img.etimg.com/thumb/width-640,height-480,imgsize-536837,resizemode-1,msid-53174713/bun-intended-dominos-burger-venture-in-india/burger.jpg"
        },
        {
          "name": "GARLIC BREAD",
          "price": 120.00,
          "url": "https://mir-s3-cdn-cf.behance.net/project_modules/1400_opt_1/4d24b781990133.5d108b5dce9f4.jpg"
        },
        {
          "name": "MARGHETIA PIZZA",
          "price": 140.00,
          "url": "https://www.dominos.co.in/blog/wp-content/uploads/2019/12/new_double_cheese_margherita.jpg"
        },
        {
          "name": "COOKIE AND BROWNIE ",
          "price": 80.00,
          "url": "https://api.thelevelup.com/v15/order_ahead/menu_image_stores/70543/image?density=3&height=300&width=420"
        },
        {
          "name": "CHOCO LAVA CAKE",
          "price": 110.00,
          "url": "https://www.dominos.com.au/ManagedAssets/AU/product/S00067/AU_S00067_en_hero_3951.png?v-835097886"
        }
      ]
    },
    {
      "name":"Slim's Hotdogs",
      "address":"Whitefield Main Rd,Bengaluru, Karnataka 560048",
      "delivery_charge": 4,
      "image":"https://img.freepik.com/premium-vector/hot-dog-logo-design_9845-317.jpg",

      "hours":{
        "Sunday":"11:00 AM - 7:00 PM",
        "Monday":"10:00 AM - 10:00 PM",
        "Tuesday":"10:00 AM - 10:00 PM",
        "Wednesday":"10:00 AM - 8:00 PM",
        "Thursday":"10:00 AM - 10:00 PM",
        "Friday":"10:00 AM - 10:00 PM",
        "Saturday":"9:00 AM - 1:00 PM"
      },
      "menus": [
        {
          "name": "HOTDOG",
          "price": 140.00,
          "url": "https://awrestaurants.com/sites/default/files/hotdog_0.png"
        },
        {
          "name": "CHEESE HOTDOG",
          "price": 170.00,
          "url": "https://www.heythattastesgood.com/wp-content/uploads/2021/09/homemade-chili-cheese.jpg"
        },
        {
          "name": "MONSTER",
          "price": 145.00,
          "url": "https://encrypted-tbn0.gstatic.com/images?q=tbn:ANd9GcRF2KzBUdwZjGoJIWIqHGHDozwcr3_oGrkhYQ&usqp=CAU"
        },
        {
          "name": "FRIES",
          "price": 100.00,
          "url": "https://images.fineartamerica.com/images-medium-large-5/crinkle-cut-french-fries-full-frame-foodcollection.jpg"
        },
        {
          "name": "GRILLED HOTDOG",
          "price": 140.00,
          "url": "https://hips.hearstapps.com/hmg-prod/images/delish-grilled-cheese-dogs-1522870074.png"
        },
        {
          "name": "CHOCOLATE SHAKE",
          "price": 140.00,
          "url": "https://www.mcdonalds.com/is/image/content/dam/usa/nfl/nutrition/items/hero/desktop/t-mcdonalds-Chocolate-McCafe-Shake-Medium.jpg?$Product_Desktop$"
        },
        {
          "name": "SUPREME COMBO",
          "price": 280.00,
          "url": "https://qtowns.net/home-delivery/wp-content/uploads/2020/12/hot.jpeg"
        },
        {
          "name": "SPICY COMBO",
          "price": 200.00,
          "url": "https://img.cdn4dd.com/p/fit=cover,width=1200,height=1200,format=auto,quality=50/media/photos/ecd1cdf3-8590-47ca-a6e7-6b1f1fb35c84-retina-large.jpg"
        }

      ]
    },
  {
    "name":"McDonald's",
    "address":"J.P.Nagar 1st Phase Bangalore-560078 ",
    "delivery_charge": 5,
    "image":"https://www.mcdonalds.com/content/dam/usa/nfl/assets/nav/arches-logo_108x108.jpg",
    "hours":{
      "Sunday":"11:00 AM - 7:00 PM",
      "Monday":"10:00 AM - 10:00 PM",
      "Tuesday":"10:00 AM - 10:00 PM",
      "Wednesday":"10:00 AM - 8:00 PM",
      "Thursday":"10:00 AM - 10:00 PM",
      "Friday":"10:00 AM - 10:00 PM",
      "Saturday":"9:00 AM - 2:00 PM"
    },
    "menus": [
      {
        "name": "CHOCOLATE SHAKE",
        "price": 160.00,
        "url": "https://www.mcdonalds.com/is/image/content/dam/usa/nfl/nutrition/items/hero/desktop/t-mcdonalds-Chocolate-McCafe-Shake-Medium.jpg?$Product_Desktop$"
      },
      {
        "name": "STRAWBERRY SHAKE",
        "price": 165.00,
        "url": "https://www.mcdonalds.com/is/image/content/dam/usa/nfl/nutrition/items/hero/desktop/t-mcdonalds-Strawberry-McCafe-Shake-Medium.jpg?$Product_Desktop$"
      },
      {
        "name": "FILET-O-FISH",
        "price": 140.00,
        "url": "https://www.mcdonalds.com/is/image/content/dam/usa/nfl/nutrition/items/hero/desktop/t-mcdonalds-Filet-O-Fish.png?$Product_Desktop$"
      },
      {
        "name": "McNuggets",
        "price": 130.00,
        "url": "https://www.mcdonalds.com/is/image/content/dam/usa/nfl/nutrition/items/hero/desktop/t-mcdonalds-Chicken-McNuggets-4pc.jpg?$Product_Desktop$"
      },
      {
        "name": "COMBO MEAL",
        "price": 220.00,
        "url": "https://www.mcdonalds.com/is/image/content/dam/usa/nfl/assets/meal/desktop/h-mcdonalds-Big-Mac-Extra-Value-Meals.jpg?$Product_Desktop$"
      },
      {
        "name": "HAPPY MEAL",
        "price": 220.00,
        "url": "https://image.cnbcfm.com/api/v1/image/105032989-GettyImages-139040294.jpg?v=1607105397"
      },
      {
        "name": "SPICY PANEER BURGER",
        "price": 145.00,
        "url": "https://mcdonaldsblog.in/wp-content/uploads/2016/06/mcspicy-paneer-1.jpg"
      },
      {
        "name": "SUPREME BURGER",
        "price": 180.00,
        "url": "https://mcdonaldsblog.in/wp-content/uploads/2018/04/Chicken-American-Cheese-Supreme.jpg"
      },
      {
        "name": "PERI-PERI FRIES",
        "price": 120.00,
        "url": "https://cdn.singpromos.com/wp-content/uploads/2021/12/Peri-Peri-Flavoured-McShaker.jpg"
      },
      {
        "name": "McMuffin Meal",
        "price": 180.00,
        "url": "https://www.mcdonalds.com/is/image/content/dam/usa/nfl/assets/meal/desktop/h-mcdonalds-Egg-McMuffin-Extra-Value-Meals.jpg?$Product_Desktop$"
      }
    ]
  },
  {
    "name":"POPEYES",
    "address":"Orion Mall,Foodcourt",
    "delivery_charge": 6,
    "image":"https://play-lh.googleusercontent.com/BX_CKX0oDqou8qEB2Eh2trTwtYzG7WlU7qaWEsPKPpLLGR54Kdv0wiyY2-tBDXbGuq4",

    "hours":{
      "Sunday":"11:00 AM - 7:00 PM",
      "Monday":"10:00 AM - 10:00 PM",
      "Tuesday":"10:00 AM - 10:00 PM",
      "Wednesday":"10:00 AM - 8:00 PM",
      "Thursday":"10:00 AM - 10:00 PM",
      "Friday":"10:00 AM - 10:00 PM",
      "Saturday":"10:00 AM - 3:00 PM"
    },
    "menus": [
      {
        "name": "CHICKEN FINGER SANDWICH",
        "price": 120.00,
        "url": "https://api.thelevelup.com/v15/order_ahead/menu_image_stores/70461/image?density=3&height=300&width=420"
      },
      {
        "name": "FINGERZ BOXED LUNCH",
        "price": 130.00,
        "url": "https://api.thelevelup.com/v15/order_ahead/menu_image_stores/70463/image?density=3&height=300&width=420"
      },
      {
        "name": "VEG SALAD BOXED",
        "price": 150.00,
        "url": "https://api.thelevelup.com/v15/order_ahead/menu_image_stores/70465/image?density=3&height=300&width=420"
      },
      {
        "name": "ZALAD BOXED",
        "price": 140.00,
        "url": "https://api.thelevelup.com/v15/order_ahead/menu_image_stores/70468/image?density=3&height=300&width=420"
      },
      {
        "name": "CHICKEN BUCKET",
        "price": 300.00,
        "url": "https://popeyesfullmenu.com/wp-content/uploads/2021/05/Popeyes-Breakfast-Menu-Prices.jpg"
      },
      {
        "name": "CHICKEN BURGER",
        "price": 150.00,
        "url": "https://popeyesfullmenu.com/wp-content/uploads/2021/05/Popeyes-Breakfast-Menu-Prices.jpg"
      },
      {
        "name": "CHICKEN LOLIPOPS",
        "price": 150.00,
        "url": "https://media-cldnry.s-nbcnews.com/image/upload/t_fit-760w,f_auto,q_auto:best/rockcms/2022-06/popeyes-chicken-anniversary-2x1-bn-220609-f4faf0.jpg"

      },
      {
        "name": "COOKIE AND BROWNIE ",
        "price": 90.00,
        "url": "https://api.thelevelup.com/v15/order_ahead/menu_image_stores/70543/image?density=3&height=300&width=420"
      },
      {
        "name": "BROWNIE PLATTER",
        "price": 100.00,
        "url": "https://api.thelevelup.com/v15/order_ahead/menu_image_stores/70540/image?density=3&height=300&width=420"
      }
    ]
  }
]